ip,logLevel,returnCode
10.10.10.9,critical,301
10.10.10.46,info,203
10.10.10.24,info,202
10.10.10.29,info,206
10.10.10.31,debug,303
10.10.10.20,info,226
10.10.10.21,warn,200
10.10.10.20,info,206
10.10.10.40,info,202
10.10.10.11,info,208
10.10.10.32,info,206
10.10.10.25,info,407
10.10.10.28,debug,208
10.10.10.10,critical,203
10.10.10.34,trace,226
10.10.10.38,info,401
10.10.10.3,info,204
10.10.10.2,info,508
10.10.10.45,critical,414
10.10.10.44,critical,418
10.10.10.39,info,207
10.10.10.25,info,308
10.10.10.26,info,305
10.10.10.14,error,201
10.10.10.29,info,205
10.10.10.8,info,207
10.10.10.30,info,203
10.10.10.3,info,204
10.10.10.49,info,208
10.10.10.5,info,300
10.10.10.7,info,201
10.10.10.19,debug,203
10.10.10.36,info,204
10.10.10.30,info,302
10.10.10.17,warn,203
10.10.10.33,info,421
10.10.10.19,info,206
10.10.10.15,info,201
10.10.10.13,debug,207
10.10.10.50,error,307
10.10.10.0,info,202
10.10.10.32,info,202
10.10.10.18,info,201
10.10.10.31,info,203
10.10.10.31,debug,201
10.10.10.28,info,226
10.10.10.4,info,204
10.10.10.14,warn,202
10.10.10.19,info,307
10.10.10.35,warn,226
10.10.10.24,info,208
10.10.10.28,info,226
10.10.10.4,info,200
10.10.10.35,critical,200
10.10.10.3,info,200
10.10.10.3,info,206
10.10.10.38,info,208
10.10.10.36,trace,202
10.10.10.39,trace,204
10.10.10.29,info,208
10.10.10.26,info,201
10.10.10.50,info,206
10.10.10.33,info,201
10.10.10.14,trace,208
10.10.10.37,critical,300
10.10.10.10,info,303
10.10.10.22,info,203
10.10.10.25,critical,307
10.10.10.17,error,302
10.10.10.18,critical,208
10.10.10.2,debug,307
10.10.10.38,info,307
10.10.10.15,critical,404
10.10.10.37,critical,303
10.10.10.27,info,303
10.10.10.21,info,205
10.10.10.25,info,201
10.10.10.36,info,304
10.10.10.8,info,203
10.10.10.31,info,304
10.10.10.10,info,203
10.10.10.26,info,208
10.10.10.6,critical,407
10.10.10.14,info,204
10.10.10.8,debug,200
10.10.10.9,info,202
10.10.10.47,info,202
10.10.10.50,debug,206
10.10.10.32,debug,204
10.10.10.38,info,208
10.10.10.12,critical,208
10.10.10.24,info,304
10.10.10.39,critical,201
10.10.10.45,info,226
10.10.10.28,info,205
10.10.10.20,critical,204
10.10.10.6,info,202
10.10.10.45,info,226
10.10.10.33,info,203
10.10.10.26,trace,208
10.10.10.18,critical,303
10.10.10.47,trace,206
10.10.10.33,info,204
10.10.10.50,info,203
10.10.10.43,info,204
10.10.10.46,info,207
10.10.10.5,info,301
10.10.10.49,info,203
10.10.10.8,info,226
10.10.10.49,critical,308
10.10.10.27,error,203
10.10.10.24,info,201
10.10.10.9,critical,207
10.10.10.50,info,415
10.10.10.26,info,201
10.10.10.49,warn,201
10.10.10.48,info,308
10.10.10.0,info,205
10.10.10.2,info,305
10.10.10.17,error,201
10.10.10.38,info,302
10.10.10.3,info,201
10.10.10.18,info,203
10.10.10.20,info,208
10.10.10.27,info,202
10.10.10.37,info,307
10.10.10.30,info,204
10.10.10.25,critical,208
10.10.10.5,critical,201
10.10.10.7,info,207
10.10.10.39,debug,205
10.10.10.8,info,205
10.10.10.18,trace,200
10.10.10.17,critical,407
10.10.10.47,info,303
10.10.10.48,info,303
10.10.10.35,info,301
10.10.10.3,info,205
10.10.10.8,info,206
10.10.10.15,info,201
10.10.10.49,info,203
10.10.10.26,info,303
10.10.10.36,info,207
10.10.10.50,info,308
10.10.10.23,info,404
10.10.10.4,critical,501
10.10.10.30,info,208
10.10.10.47,info,308
10.10.10.27,info,200
10.10.10.42,debug,428
10.10.10.47,warn,201
10.10.10.37,debug,208
10.10.10.0,info,206
10.10.10.42,info,206
10.10.10.12,info,206
10.10.10.4,info,201
10.10.10.7,info,205
10.10.10.45,critical,305
10.10.10.2,critical,205
10.10.10.2,info,308
10.10.10.2,info,205
10.10.10.45,warn,208
10.10.10.47,info,308
10.10.10.42,info,226
10.10.10.47,trace,203
10.10.10.10,info,510
10.10.10.11,info,406
10.10.10.11,debug,201
10.10.10.31,debug,301
10.10.10.21,info,200
10.10.10.6,info,201
10.10.10.22,info,208
10.10.10.26,info,226
10.10.10.15,info,302
10.10.10.16,info,301
10.10.10.12,error,226
10.10.10.22,info,201
10.10.10.49,debug,207
10.10.10.47,info,302
10.10.10.38,warn,206
10.10.10.21,info,206
10.10.10.25,info,300
10.10.10.2,info,200
10.10.10.44,critical,301
10.10.10.44,info,300
10.10.10.20,fatal ,207
10.10.10.25,trace,208
10.10.10.4,info,308
10.10.10.28,info,200
10.10.10.43,info,201
10.10.10.25,info,206
10.10.10.1,info,204
10.10.10.35,debug,304
10.10.10.10,info,207
10.10.10.6,info,200
10.10.10.41,info,205
10.10.10.12,info,202
10.10.10.25,debug,304
10.10.10.24,trace,203
10.10.10.21,trace,206
10.10.10.8,warn,418
10.10.10.9,info,208
10.10.10.12,info,305
10.10.10.26,info,205
10.10.10.17,info,305
10.10.10.8,debug,205
10.10.10.40,info,202
10.10.10.49,info,202
10.10.10.7,info,226
10.10.10.14,info,208
10.10.10.44,fatal ,201
10.10.10.23,critical,226
10.10.10.13,info,200
10.10.10.48,critical,204
10.10.10.20,info,206
10.10.10.33,warn,208
10.10.10.6,info,226
10.10.10.43,critical,204
10.10.10.39,info,206
10.10.10.8,info,302
10.10.10.17,error,303
10.10.10.22,info,301
10.10.10.9,info,203
10.10.10.3,info,208
10.10.10.32,info,203
10.10.10.38,info,203
10.10.10.23,info,200
10.10.10.46,trace,208
10.10.10.35,critical,226
10.10.10.22,info,206
10.10.10.18,info,204
10.10.10.5,info,206
10.10.10.34,info,203
10.10.10.0,info,204
10.10.10.38,info,201
10.10.10.0,error,201
10.10.10.15,info,307
10.10.10.24,info,208
10.10.10.34,info,208
10.10.10.6,info,202
10.10.10.8,trace,304
10.10.10.26,info,301
10.10.10.2,critical,300
10.10.10.33,info,208
10.10.10.6,error,200
10.10.10.46,info,207
10.10.10.11,trace,205
10.10.10.45,info,206
10.10.10.35,info,308
10.10.10.23,critical,305
10.10.10.31,info,204
10.10.10.15,trace,202
10.10.10.33,info,200
10.10.10.13,debug,226
10.10.10.25,info,403
10.10.10.50,info,412
10.10.10.6,critical,206
10.10.10.50,info,208
10.10.10.32,debug,507
10.10.10.23,info,205
10.10.10.13,debug,200
10.10.10.29,critical,204
10.10.10.25,info,201
10.10.10.34,critical,207
10.10.10.5,info,207
10.10.10.12,info,202
10.10.10.34,info,302
10.10.10.9,error,205
10.10.10.44,info,504
10.10.10.8,info,303
10.10.10.6,info,301
10.10.10.11,info,208
10.10.10.10,info,308
10.10.10.2,info,204
10.10.10.36,info,202
10.10.10.25,info,207
10.10.10.20,error,201
10.10.10.17,info,300
10.10.10.48,info,205
10.10.10.16,info,226
10.10.10.1,info,208
10.10.10.10,debug,207
10.10.10.13,info,207
10.10.10.28,debug,207
10.10.10.4,info,302
10.10.10.15,info,300
10.10.10.12,info,207
10.10.10.39,debug,202
10.10.10.7,info,503
10.10.10.7,critical,417
10.10.10.32,info,206
10.10.10.17,info,302
10.10.10.7,info,205
10.10.10.50,info,205
10.10.10.20,info,226
10.10.10.4,trace,226
10.10.10.21,info,204
10.10.10.4,info,308
10.10.10.21,critical,207
10.10.10.30,info,206
10.10.10.15,info,205
10.10.10.6,info,204
10.10.10.43,info,206
10.10.10.46,critical,202
10.10.10.35,warn,302
10.10.10.43,info,510
10.10.10.33,info,207
10.10.10.17,error,204
10.10.10.24,critical,506
10.10.10.25,info,205
10.10.10.36,critical,200
10.10.10.7,info,303
10.10.10.29,info,201
10.10.10.16,info,200
10.10.10.9,info,201
10.10.10.15,debug,200
10.10.10.40,info,304
10.10.10.32,info,204
10.10.10.28,info,204
10.10.10.22,info,226
10.10.10.37,info,205
10.10.10.2,info,207
10.10.10.8,info,208
10.10.10.17,info,202
10.10.10.4,info,205
10.10.10.31,info,307
10.10.10.0,info,406
10.10.10.50,info,206
10.10.10.3,info,226
10.10.10.45,critical,303
10.10.10.23,info,205
10.10.10.31,info,203
10.10.10.26,info,501
10.10.10.49,info,206
10.10.10.10,info,307
10.10.10.11,critical,405
10.10.10.12,info,226
10.10.10.21,info,205
10.10.10.35,info,304
10.10.10.31,info,208
10.10.10.45,info,202
10.10.10.40,info,226
10.10.10.0,error,226
10.10.10.13,critical,305
10.10.10.40,info,502
10.10.10.45,info,205
10.10.10.39,info,411
10.10.10.47,info,208
10.10.10.3,info,405
10.10.10.14,info,501
10.10.10.16,info,204
10.10.10.46,critical,203
10.10.10.24,info,206
10.10.10.36,info,305
10.10.10.16,info,206
10.10.10.31,info,204
10.10.10.23,info,407
10.10.10.18,info,200
10.10.10.48,info,208
10.10.10.34,info,407
10.10.10.21,info,304
10.10.10.37,debug,203
10.10.10.6,critical,201
10.10.10.28,info,428
10.10.10.43,info,207
10.10.10.47,info,308
10.10.10.42,info,206
10.10.10.28,error,204
10.10.10.28,info,226
10.10.10.32,info,304
10.10.10.49,info,308
10.10.10.26,info,203
10.10.10.18,info,207
10.10.10.4,debug,201
10.10.10.35,debug,200
10.10.10.13,info,208
10.10.10.6,info,200
10.10.10.23,info,200
10.10.10.35,info,303
10.10.10.9,info,207
10.10.10.8,info,304
10.10.10.49,info,203
10.10.10.40,info,202
10.10.10.35,info,201
10.10.10.48,info,201
10.10.10.13,info,302
10.10.10.13,warn,418
10.10.10.39,info,208
10.10.10.1,info,226
10.10.10.28,fatal ,208
10.10.10.48,info,205
10.10.10.49,info,226
10.10.10.47,info,201
10.10.10.34,info,203
10.10.10.0,info,303
10.10.10.41,error,204
10.10.10.38,info,204
10.10.10.37,info,308
10.10.10.7,info,302
10.10.10.21,critical,304
10.10.10.33,trace,204
10.10.10.25,info,505
10.10.10.26,info,305
10.10.10.11,info,207
10.10.10.36,info,207
10.10.10.23,info,205
10.10.10.16,info,300
10.10.10.50,info,305
10.10.10.23,info,206
10.10.10.27,debug,204
10.10.10.6,info,201
10.10.10.40,info,308
10.10.10.25,info,201
10.10.10.28,info,207
10.10.10.28,info,226
10.10.10.35,info,204
10.10.10.35,info,201
10.10.10.32,critical,201
10.10.10.21,info,206
10.10.10.21,info,302
10.10.10.39,warn,205
10.10.10.14,info,208
10.10.10.20,critical,423
10.10.10.21,info,206
10.10.10.49,error,302
10.10.10.13,error,307
10.10.10.35,info,302
10.10.10.36,info,303
10.10.10.12,critical,304
10.10.10.37,debug,415
10.10.10.35,critical,304
10.10.10.17,info,206
10.10.10.1,info,301
10.10.10.33,info,226
10.10.10.35,info,202
10.10.10.39,error,502
10.10.10.5,debug,305
10.10.10.46,error,204
10.10.10.20,info,204
10.10.10.8,debug,308
10.10.10.50,debug,300
10.10.10.38,info,302
10.10.10.35,info,226
10.10.10.43,info,204
10.10.10.15,info,207
10.10.10.37,info,203
10.10.10.45,warn,204
10.10.10.9,info,204
10.10.10.33,info,207
10.10.10.10,critical,304
10.10.10.23,info,410
10.10.10.36,info,308
10.10.10.30,warn,300
10.10.10.6,info,410
10.10.10.27,info,207
10.10.10.30,info,207
10.10.10.43,info,302
10.10.10.19,info,202
10.10.10.4,info,202
10.10.10.40,info,200
10.10.10.12,info,202
10.10.10.32,info,305
10.10.10.4,info,200
10.10.10.36,info,203
10.10.10.12,debug,207
10.10.10.14,info,308
10.10.10.50,warn,200
10.10.10.18,critical,308
10.10.10.49,trace,205
10.10.10.15,info,204
10.10.10.10,info,303
10.10.10.31,info,202
10.10.10.40,critical,308
10.10.10.47,info,226
10.10.10.10,info,201
10.10.10.37,debug,202
10.10.10.6,info,304
10.10.10.44,info,303
10.10.10.17,info,205
10.10.10.32,error,407
10.10.10.14,info,207
10.10.10.28,info,201
10.10.10.20,info,201
10.10.10.1,error,208
10.10.10.45,info,200
10.10.10.29,debug,201
10.10.10.22,info,409
10.10.10.28,info,203
10.10.10.22,info,206
10.10.10.9,info,207
10.10.10.14,info,226
10.10.10.48,info,226
10.10.10.4,warn,204
10.10.10.8,warn,204
10.10.10.37,critical,203
10.10.10.30,debug,308
10.10.10.38,info,308
10.10.10.20,info,207
10.10.10.27,info,301
10.10.10.39,warn,205
10.10.10.13,info,207
10.10.10.24,info,207
10.10.10.4,critical,501
10.10.10.49,info,203
10.10.10.32,info,301
10.10.10.33,warn,201
10.10.10.19,critical,304
10.10.10.14,critical,304
10.10.10.42,info,206
10.10.10.8,critical,206
10.10.10.39,info,201
10.10.10.26,info,204
10.10.10.33,info,414
10.10.10.26,warn,203
10.10.10.48,debug,204
10.10.10.11,warn,226
10.10.10.0,info,204
10.10.10.37,critical,200
10.10.10.9,info,202
10.10.10.29,info,302
10.10.10.45,info,203
10.10.10.10,info,200
10.10.10.23,critical,226
10.10.10.44,error,507
10.10.10.13,error,200
10.10.10.8,info,204
10.10.10.26,error,202
10.10.10.25,info,201
10.10.10.35,critical,403
10.10.10.37,info,204
10.10.10.41,warn,502
10.10.10.16,info,410
10.10.10.11,info,226
10.10.10.4,info,226
10.10.10.23,warn,207
10.10.10.37,critical,305
10.10.10.48,warn,207
10.10.10.6,info,305
10.10.10.4,critical,202
10.10.10.22,trace,226
10.10.10.19,info,208
10.10.10.21,info,200
10.10.10.28,info,501
10.10.10.39,info,204
10.10.10.36,debug,201
10.10.10.33,warn,303
10.10.10.6,info,423
10.10.10.48,info,226
10.10.10.38,warn,300
10.10.10.7,info,500
10.10.10.45,info,203
10.10.10.19,info,202
10.10.10.34,trace,207
10.10.10.16,info,307
10.10.10.14,info,305
10.10.10.21,info,411
10.10.10.23,info,207
10.10.10.21,info,428
10.10.10.1,info,201
10.10.10.18,info,208
10.10.10.50,info,202
10.10.10.0,info,201
10.10.10.5,info,201
10.10.10.23,error,201
10.10.10.15,info,207
10.10.10.44,info,207
10.10.10.5,trace,208
10.10.10.12,info,429
10.10.10.12,critical,200
10.10.10.5,info,402
10.10.10.29,info,202
10.10.10.24,warn,302
10.10.10.22,critical,226
10.10.10.18,critical,304
10.10.10.43,info,204
10.10.10.26,trace,205
10.10.10.31,critical,208
10.10.10.7,info,201
10.10.10.38,info,300
10.10.10.11,info,206
10.10.10.40,info,207
10.10.10.45,info,301
10.10.10.27,info,308
10.10.10.20,info,205
10.10.10.14,critical,303
10.10.10.47,critical,201
10.10.10.50,info,205
10.10.10.34,info,203
10.10.10.24,info,200
10.10.10.36,info,200
10.10.10.30,warn,208
10.10.10.47,info,510
10.10.10.15,info,205
10.10.10.19,info,202
10.10.10.2,debug,302
10.10.10.23,info,201
10.10.10.6,trace,204
10.10.10.46,info,206
10.10.10.33,info,308
10.10.10.15,warn,200
10.10.10.49,warn,412
10.10.10.31,info,203
10.10.10.20,info,208
10.10.10.34,info,504
10.10.10.22,info,205
10.10.10.2,info,200
10.10.10.38,info,504
10.10.10.44,info,302
10.10.10.32,critical,200
10.10.10.48,info,203
10.10.10.34,info,202
10.10.10.50,info,418
10.10.10.22,fatal ,201
10.10.10.8,info,201
10.10.10.40,info,226
10.10.10.45,info,203
10.10.10.46,info,200
10.10.10.25,info,206
10.10.10.17,info,307
10.10.10.6,warn,203
10.10.10.1,debug,308
10.10.10.19,debug,203
10.10.10.17,info,205
10.10.10.0,info,204
10.10.10.24,warn,226
10.10.10.25,info,202
10.10.10.0,info,200
10.10.10.3,info,308
10.10.10.8,info,208
10.10.10.42,info,200
10.10.10.21,info,302
10.10.10.10,error,208
10.10.10.15,info,206
10.10.10.15,info,201
10.10.10.44,debug,305
10.10.10.24,info,204
10.10.10.28,info,204
10.10.10.47,info,203
10.10.10.9,debug,204
10.10.10.49,info,205
10.10.10.26,info,202
10.10.10.16,info,305
10.10.10.45,critical,205
10.10.10.40,trace,202
10.10.10.33,info,205
10.10.10.40,info,308
10.10.10.7,info,202
10.10.10.14,debug,206
10.10.10.18,info,205
10.10.10.33,error,207
10.10.10.29,info,203
10.10.10.18,info,205
10.10.10.3,info,201
10.10.10.42,info,203
10.10.10.15,info,304
10.10.10.34,critical,202
10.10.10.43,critical,206
10.10.10.40,info,203
10.10.10.28,info,206
10.10.10.17,info,202
10.10.10.28,critical,205
10.10.10.50,debug,201
10.10.10.25,debug,207
10.10.10.11,info,204
10.10.10.48,info,226
10.10.10.4,warn,201
10.10.10.50,info,206
10.10.10.5,info,301
10.10.10.22,info,207
10.10.10.5,info,226
10.10.10.31,info,302
10.10.10.31,info,205
10.10.10.1,info,207
10.10.10.49,trace,203
10.10.10.34,info,304
10.10.10.45,info,303
10.10.10.16,info,207
10.10.10.34,info,206
10.10.10.9,info,302
10.10.10.3,debug,307
10.10.10.50,info,205
10.10.10.2,info,304
10.10.10.14,info,303
10.10.10.33,info,206
10.10.10.11,info,202
10.10.10.30,info,200
10.10.10.50,info,205
10.10.10.29,info,205
10.10.10.49,info,205
10.10.10.4,info,226
10.10.10.33,warn,205
10.10.10.34,info,424
10.10.10.35,fatal ,204
10.10.10.17,warn,226
10.10.10.24,info,304
10.10.10.24,info,203
10.10.10.20,info,205
10.10.10.13,info,204
10.10.10.24,error,204
10.10.10.4,info,304
10.10.10.25,info,226
10.10.10.42,debug,307
10.10.10.22,info,203
10.10.10.4,critical,207
10.10.10.45,info,200
10.10.10.12,info,226
10.10.10.46,info,207
10.10.10.19,info,415
10.10.10.3,info,202
10.10.10.49,info,202
10.10.10.14,warn,205
10.10.10.38,info,202
10.10.10.16,info,207
10.10.10.9,info,201
10.10.10.33,info,207
10.10.10.28,error,300
10.10.10.33,info,203
10.10.10.36,info,206
10.10.10.50,critical,208
10.10.10.21,info,202
10.10.10.50,info,308
10.10.10.32,info,226
10.10.10.42,info,208
10.10.10.28,info,208
10.10.10.27,error,208
10.10.10.50,info,206
10.10.10.43,error,202
10.10.10.2,critical,511
10.10.10.44,info,200
10.10.10.11,info,226
10.10.10.24,info,204
10.10.10.26,error,200
10.10.10.44,info,303
10.10.10.10,info,207
10.10.10.48,info,506
10.10.10.20,info,301
10.10.10.20,info,451
10.10.10.3,info,207
10.10.10.19,debug,207
10.10.10.19,info,403
10.10.10.47,info,205
10.10.10.41,info,206
10.10.10.41,critical,203
10.10.10.31,info,201
10.10.10.39,info,203
10.10.10.50,info,226
10.10.10.8,critical,505
10.10.10.37,trace,207
10.10.10.22,info,405
10.10.10.12,info,201
10.10.10.36,info,205
10.10.10.3,info,305
10.10.10.48,info,203
10.10.10.33,info,208
10.10.10.48,info,226
10.10.10.4,info,206
10.10.10.7,info,208
10.10.10.11,info,208
10.10.10.7,error,421
10.10.10.27,info,200
10.10.10.12,info,308
10.10.10.50,info,207
10.10.10.44,info,202
10.10.10.37,info,201
10.10.10.48,info,208
10.10.10.19,info,226
10.10.10.23,debug,205
10.10.10.1,warn,302
10.10.10.11,info,208
10.10.10.47,info,200
10.10.10.37,trace,204
10.10.10.7,info,206
10.10.10.45,info,226
10.10.10.32,info,202
10.10.10.16,info,204
10.10.10.14,info,304
10.10.10.9,info,307
10.10.10.39,info,204
10.10.10.34,info,204
10.10.10.22,info,300
10.10.10.9,info,305
10.10.10.13,info,203
10.10.10.25,info,204
10.10.10.19,info,404
10.10.10.1,info,206
10.10.10.32,info,202
10.10.10.38,warn,200
10.10.10.16,info,200
10.10.10.41,info,305
10.10.10.18,info,206
10.10.10.13,info,202
10.10.10.22,info,203
10.10.10.39,info,308
10.10.10.27,info,200
10.10.10.16,info,200
10.10.10.28,critical,226
10.10.10.42,error,206
10.10.10.40,critical,201
10.10.10.22,info,413
10.10.10.23,info,303
10.10.10.26,info,200
10.10.10.3,warn,204
10.10.10.8,info,203
10.10.10.31,info,202
10.10.10.5,info,208
10.10.10.33,info,201
10.10.10.40,info,203
10.10.10.43,info,206
10.10.10.41,info,200
10.10.10.33,trace,226
10.10.10.19,info,200
10.10.10.41,info,207
10.10.10.47,debug,226
10.10.10.26,info,226
10.10.10.26,info,200
10.10.10.21,info,206
10.10.10.9,info,207
10.10.10.48,info,200
10.10.10.39,info,208
10.10.10.30,info,304
10.10.10.11,info,203
10.10.10.44,info,400
10.10.10.24,trace,206
10.10.10.18,info,202
10.10.10.26,info,206
10.10.10.24,info,208
10.10.10.6,info,208
10.10.10.4,info,208
10.10.10.48,critical,202
10.10.10.5,critical,206
10.10.10.17,error,202
10.10.10.39,critical,307
10.10.10.3,info,203
10.10.10.19,critical,308
10.10.10.23,info,507
10.10.10.48,info,505
10.10.10.43,debug,203
10.10.10.12,info,208
10.10.10.13,info,208
10.10.10.4,info,205
10.10.10.8,info,207
10.10.10.40,debug,301
10.10.10.10,info,226
10.10.10.44,info,206
10.10.10.0,critical,205
10.10.10.18,error,208
10.10.10.3,info,205
10.10.10.23,critical,204
10.10.10.37,info,201
10.10.10.46,info,201
10.10.10.45,info,308
10.10.10.10,info,203
10.10.10.18,info,308
10.10.10.13,info,303
10.10.10.45,info,302
10.10.10.15,info,208
10.10.10.40,info,200
10.10.10.17,info,204
10.10.10.37,info,409
10.10.10.38,info,205
10.10.10.10,info,203
10.10.10.45,info,201
10.10.10.16,info,506
10.10.10.18,debug,207
10.10.10.37,trace,208
10.10.10.11,info,208
10.10.10.3,warn,508
10.10.10.45,info,226
10.10.10.30,info,204
10.10.10.0,debug,202
10.10.10.24,info,302
10.10.10.27,error,226
10.10.10.27,error,203
10.10.10.49,trace,205
10.10.10.41,info,204
10.10.10.7,info,226
10.10.10.8,critical,226
10.10.10.2,warn,305
10.10.10.7,info,204
10.10.10.17,error,206
10.10.10.12,info,207
10.10.10.18,info,302
10.10.10.50,info,205
10.10.10.35,info,226
10.10.10.23,debug,511
10.10.10.3,info,304
10.10.10.23,warn,205
10.10.10.9,info,305
10.10.10.0,info,203
10.10.10.48,info,410
10.10.10.12,info,208
10.10.10.27,info,203
10.10.10.17,debug,302
10.10.10.1,error,200
10.10.10.17,info,207
10.10.10.11,debug,202
10.10.10.14,info,208
10.10.10.18,info,203
10.10.10.46,trace,200
10.10.10.46,debug,202
10.10.10.29,trace,416
10.10.10.37,info,226
10.10.10.11,info,204
10.10.10.43,info,201
10.10.10.33,info,203
10.10.10.34,info,408
10.10.10.25,info,208
10.10.10.40,critical,200
10.10.10.28,info,203
10.10.10.0,info,200
10.10.10.43,critical,200
10.10.10.49,info,207
10.10.10.44,info,200
10.10.10.36,debug,422
10.10.10.44,info,200
10.10.10.35,critical,204
10.10.10.22,info,204
10.10.10.9,info,300
10.10.10.50,trace,208
10.10.10.29,info,300
10.10.10.31,info,226
10.10.10.20,info,226
10.10.10.18,warn,307
10.10.10.27,info,202
10.10.10.42,error,226
10.10.10.48,info,203
10.10.10.22,debug,203
10.10.10.2,trace,205
10.10.10.13,info,500
10.10.10.30,critical,205
10.10.10.36,info,307
10.10.10.41,info,303
10.10.10.20,info,206
10.10.10.43,info,207
10.10.10.9,info,304
10.10.10.5,info,308
10.10.10.50,trace,226
10.10.10.8,info,226
10.10.10.26,warn,305
10.10.10.40,error,300
10.10.10.0,critical,205
10.10.10.44,info,226
10.10.10.49,info,201
10.10.10.11,info,304
10.10.10.27,critical,304
10.10.10.14,info,226
10.10.10.41,critical,204
10.10.10.47,critical,501
10.10.10.30,critical,202
10.10.10.37,info,423
10.10.10.42,trace,307
10.10.10.7,info,206
10.10.10.20,info,202
10.10.10.11,info,205
10.10.10.10,error,303
10.10.10.0,info,202
10.10.10.12,error,411
10.10.10.35,critical,421
10.10.10.31,info,304
10.10.10.32,info,205
10.10.10.14,error,202
10.10.10.30,info,201
10.10.10.37,info,205
10.10.10.20,info,226
10.10.10.19,critical,200
10.10.10.19,info,308
10.10.10.48,info,206
10.10.10.28,info,308
10.10.10.21,warn,203
10.10.10.13,info,202
10.10.10.26,error,300
10.10.10.15,info,208
10.10.10.0,info,200
10.10.10.18,info,204
10.10.10.20,info,307
10.10.10.24,info,205
10.10.10.2,info,200
10.10.10.25,info,203
10.10.10.37,info,208
10.10.10.3,info,206
10.10.10.50,info,301
10.10.10.30,info,202
10.10.10.33,info,205
10.10.10.6,info,204
10.10.10.39,info,204
10.10.10.20,info,304
10.10.10.3,info,226
10.10.10.16,info,207
10.10.10.47,trace,226
10.10.10.2,info,303
10.10.10.6,error,200
10.10.10.42,info,205
10.10.10.46,info,205
10.10.10.49,info,506
10.10.10.26,warn,208
10.10.10.27,error,303
10.10.10.17,info,204
10.10.10.43,info,203
10.10.10.7,info,305
10.10.10.3,info,205
